"weaponId","section","key","value","note"
"Weapon.Flowering","bloom","durationSeconds","15","개화 지속시간(초)"
"Weapon.Flowering","bloom","killExtensionSeconds","1","처치 시 연장시간(초)"
"Weapon.Flowering","bloom","normalDamageAdd","25","일반 피해 가산값"
"Weapon.Flowering","bloom","attackSpeedBaseAdd","2.5","기본 공격속도 가산값"
"Weapon.Flowering","bloom","moveSpeedPercent","0.6","이동속도 증가 비율(0.6=60%)"
"Weapon.Flowering","bloom","dashDistanceMultiplier","1.45","대시 거리 배율"
"Weapon.Flowering","bloom","dashDurationMultiplier","0.45","대시 시간 배율"
"Weapon.Flowering","bloom","dashSlashCount","3","대시 참격 횟수"
"Weapon.Flowering","bloom","dashSlashIntervalSeconds","0.08","대시 참격 간격(초)"
"Weapon.Flowering","bloom","dashSlashDamageScale","2.5","대시 참격 피해 배율"
