"tableId","rollGroup","outcome","weight"
"Table_Stage1","MonsterDrop","None","95"
"Table_Stage1","MonsterDrop","Weapon","0"
"Table_Stage1","MonsterDrop","Relic","0"
"Table_Stage1","MonsterDrop","Consumable","0"
"Table_Stage1","MonsterDrop","FieldItem","5"
"Table_Stage1","StageRelicRarity","Common","60"
"Table_Stage1","StageRelicRarity","Rare","30"
"Table_Stage1","StageRelicRarity","Epic","10"
"Table_Stage1","BossRelicRarity","Common","60"
"Table_Stage1","BossRelicRarity","Rare","30"
"Table_Stage1","BossRelicRarity","Epic","10"
"Table_Stage2","MonsterDrop","None","95"
"Table_Stage2","MonsterDrop","Weapon","0"
"Table_Stage2","MonsterDrop","Relic","0"
"Table_Stage2","MonsterDrop","Consumable","0"
"Table_Stage2","MonsterDrop","FieldItem","5"
"Table_Stage2","StageRelicRarity","Common","60"
"Table_Stage2","StageRelicRarity","Rare","30"
"Table_Stage2","StageRelicRarity","Epic","10"
"Table_Stage2","BossRelicRarity","Common","60"
"Table_Stage2","BossRelicRarity","Rare","30"
"Table_Stage2","BossRelicRarity","Epic","10"
"Table_Stage3","MonsterDrop","None","95"
"Table_Stage3","MonsterDrop","Weapon","0"
"Table_Stage3","MonsterDrop","Relic","0"
"Table_Stage3","MonsterDrop","Consumable","0"
"Table_Stage3","MonsterDrop","FieldItem","5"
"Table_Stage3","StageRelicRarity","Common","60"
"Table_Stage3","StageRelicRarity","Rare","30"
"Table_Stage3","StageRelicRarity","Epic","10"
"Table_Stage3","BossRelicRarity","Common","60"
"Table_Stage3","BossRelicRarity","Rare","30"
"Table_Stage3","BossRelicRarity","Epic","10"
"GraveLootTable","GraveRelicRarity","Common","90"
"GraveLootTable","GraveRelicRarity","Rare","10"
"GraveLootTable","GraveRelicRarity","Epic","0"
