"tableId","rewardSource","itemType","minCount","maxCount","count","weight","valueSource"
"Table_Stage1","Chest","Weapon","0","1","0","50","CurrentProfile"
"Table_Stage1","Chest","Weapon","0","1","1","50","CurrentProfile"
"Table_Stage1","Chest","Relic","4","4","4","100","CurrentProfile"
"Table_Stage1","Chest","Consumable","1","1","1","100","CurrentProfile"
"Table_Stage1","Boss","Weapon","1","1","1","100","CurrentProfile"
"Table_Stage1","Boss","Relic","5","6","5","50","CurrentProfile"
"Table_Stage1","Boss","Relic","5","6","6","50","CurrentProfile"
"Table_Stage2","Chest","Weapon","0","1","0","50","CurrentProfile"
"Table_Stage2","Chest","Weapon","0","1","1","50","CurrentProfile"
"Table_Stage2","Chest","Relic","4","4","4","100","CurrentProfile"
"Table_Stage2","Chest","Consumable","1","1","1","100","CurrentProfile"
"Table_Stage2","Boss","Weapon","1","1","1","100","CurrentProfile"
"Table_Stage2","Boss","Relic","5","6","5","50","CurrentProfile"
"Table_Stage2","Boss","Relic","5","6","6","50","CurrentProfile"
"Table_Stage3","Chest","Weapon","0","1","0","50","CurrentProfile"
"Table_Stage3","Chest","Weapon","0","1","1","50","CurrentProfile"
"Table_Stage3","Chest","Relic","4","4","4","100","CurrentProfile"
"Table_Stage3","Chest","Consumable","1","1","1","100","CurrentProfile"
"Table_Stage3","Boss","Weapon","1","1","1","100","CurrentProfile"
"Table_Stage3","Boss","Relic","5","6","5","50","CurrentProfile"
"Table_Stage3","Boss","Relic","5","6","6","50","CurrentProfile"
"GraveLootTable","Grave","Weapon","1","2","1","100","LegacyAssetPendingEditorVerification"
"GraveLootTable","Grave","Relic","1","2","1","70","LegacyAssetPendingEditorVerification"
"GraveLootTable","Grave","Relic","1","2","2","20","LegacyAssetPendingEditorVerification"
"GraveLootTable","Grave","Relic","1","2","3","10","LegacyAssetPendingEditorVerification"
