"shopId","itemType","rarity","priceMode","minPrice","maxPriceInclusive","roundTo","valueSource"
"ShopDefinition_DefaultLocked","Weapon","Any","Fixed","6","6","1","Asset.priceSettings"
"ShopDefinition_DefaultLocked","Relic","Common","Fixed","2","2","1","Asset.priceSettings"
"ShopDefinition_DefaultLocked","Relic","Rare","Fixed","4","4","1","Asset.priceSettings"
"ShopDefinition_DefaultLocked","Relic","Epic","Fixed","8","8","1","Asset.priceSettings"
"ShopDefinition_DefaultLocked","Consumable","Any","Fixed","1","1","1","Asset.priceSettings"
"ShopDefinition_RunGold","Weapon","Any","UniformIntegerThenRound","1150","1250","10","ShopDefinitionSO.RollGoldPrice"
"ShopDefinition_RunGold","Relic","Common","UniformIntegerThenRound","400","500","10","ShopDefinitionSO.RollGoldPrice"
"ShopDefinition_RunGold","Relic","Rare","UniformIntegerThenRound","600","700","10","ShopDefinitionSO.RollGoldPrice"
"ShopDefinition_RunGold","Relic","Epic","UniformIntegerThenRound","900","1000","10","ShopDefinitionSO.RollGoldPrice"
"ShopDefinition_RunGold","Consumable","Any","UniformIntegerThenRound","850","950","10","ShopDefinitionSO.RollGoldPrice"
